{"offset": [-78.71034860861337, 43.34822277466088, 152.7458689363027], "matrix": [[1.0347114566364093, 0.01239854715269257, 0.0], [0.012398547152692584, 0.9666015753055924, 0.0], [0.0, 0.0, 1.0]], "raw_points": [[-410, 852, 1981], [-445, 839, 1982], [-477, 811, 1984], [-520, 786, 1986], [-565, 764, 1983], [-604, 731, 1984], [-636, 698, 1987], [-666, 658, 1988], [-696, 613, 1994], [-726, 570, 1997], [-763, 530, 1995], [-800, 484, 1991], [-830, 448, 1987], [-845, 405, 1988], [-854, 364, 1994], [-875, 316, 1993], [-900, 265, 1992], [-909, 224, 1994], [-904, 175, 1997], [-905, 129, 1998], [-898, 86, 2004], [-899, 40, 2005], [-890, -1, 2008], [-866, -56, 2018], [-865, -104, 2017], [-843, -161, 2022], [-835, -209, 2019], [-828, -261, 2015], [-810, -308, 2019], [-777, -355, 2019], [-748, -399, 2022], [-720, -447, 2024], [-683, -502, 2024], [-673, -537, 2015], [-649, -586, 2010], [-620, -613, 2010], [-593, -646, 2008], [-551, -675, 2005], [-505, -708, 2007], [-459, -731, 2009], [-421, -752, 2007], [-387, -772, 2008], [-353, -791, 2005], [-307, -812, 2001], [-255, -831, 1994], [-209, -847, 1993], [-162, -852, 1992], [-119, -846, 1994], [-60, -852, 1988], [-25, -847, 1989], [12, -845, 1991], [56, -837, 1991], [114, -829, 1992], [163, -814, 1987], [211, -800, 1987], [250, -781, 1982], [290, -760, 1983], [353, -748, 1976], [389, -727, 1976], [413, -700, 1982], [450, -671, 1978], [492, -640, 1977], [508, -599, 1982], [528, -553, 1988], [576, -509, 1982], [606, -458, 1985], [624, -414, 1989], [652, -374, 1990], [659, -330, 1997], [682, -282, 1993], [707, -230, 1993], [728, -188, 1989], [718, -133, 1997], [717, -91, 1998], [731, -41, 1995], [742, 7, 1993], [750, 49, 1988], [751, 98, 1988], [747, 144, 1987], [749, 190, 1982], [731, 244, 1988], [742, 294, 1973], [713, 346, 1980], [692, 408, 1976], [676, 463, 1971], [637, 523, 1974], [594, 577, 1976], [564, 627, 1974], [521, 665, 1979], [482, 698, 1980], [438, 730, 1979], [400, 758, 1980], [360, 783, 1979], [327, 810, 1979], [290, 835, 1975], [259, 855, 1970], [213, 882, 1970], [165, 900, 1972], [129, 914, 1970], [82, 926, 1970], [46, 931, 1970], [-2, 925, 1974], [-62, 933, 1975], [-119, 929, 1975], [-170, 926, 1975], [-219, 917, 1979], [-268, 906, 1982], [-301, 886, 1987], [-357, 867, 1985], [-421, 855, 1981], [-466, 842, 1978], [-494, 821, 1981], [-539, 795, 1981], [-571, 765, 1984], [-607, 736, 1985], [-649, 703, 1986], [-689, 664, 1985], [-729, 618, 1987], [-753, 571, 1993], [-784, 517, 1991], [-817, 478, 1985], [-847, 434, 1987], [-876, 395, 1981], [-887, 345, 1983], [-879, 291, 1996], [-880, 236, 2004], [-897, 185, 2000], [-908, 132, 1998], [-911, 83, 1997], [-911, 35, 2002], [-899, -10, 2005], [-890, -60, 2007], [-886, -101, 2009], [-862, -153, 2016], [-852, -208, 2013], [-823, -265, 2020], [-816, -311, 2013], [-805, -370, 2008], [-784, -420, 2008], [-748, -469, 2005], [-708, -513, 2010], [-661, -564, 2013], [-631, -607, 2010], [-607, -634, 2008], [-568, -662, 2009], [-534, -684, 2009], [-497, -711, 2007], [-455, -741, 2004], [-410, -772, 2003], [-367, -790, 2001], [-321, -806, 2004], [-265, -821, 2004], [-213, -830, 2001], [-163, -850, 1998], [-124, -854, 1994], [-78, -860, 1992], [-38, -859, 1990], [-9, -854, 1990], [39, -846, 1991], [77, -839, 1994], [116, -817, 1996], [165, -802, 1997], [217, -788, 1990], [266, -777, 1984], [309, -755, 1985], [356, -724, 1988], [381, -685, 1991], [421, -661, 1992], [451, -634, 1993], [490, -605, 1985], [553, -577, 1975], [584, -545, 1976], [597, -500, 1983], [625, -460, 1984], [635, -419, 1994], [648, -375, 1994], [683, -321, 1996], [692, -265, 1999], [697, -216, 1999], [706, -173, 1999], [736, -131, 1993], [744, -80, 1991], [750, -34, 1992], [749, 18, 1992], [757, 74, 1987], [751, 124, 1992], [750, 171, 1982], [757, 221, 1976], [733, 290, 1982], [726, 348, 1973], [697, 410, 1977], [662, 467, 1981], [619, 514, 1985], [581, 561, 1990], [559, 594, 1984], [516, 638, 1989], [503, 662, 1980], [473, 692, 1986], [432, 715, 1987], [396, 747, 1987], [361, 775, 1985], [333, 803, 1981], [308, 830, 1973], [260, 851, 1976], [207, 875, 1978], [179, 890, 1974], [157, 906, 1972], [112, 914, 1977], [47, 930, 1976], [2, 939, 1975], [-50, 941, 1972], [-95, 945, 1971], [-148, 936, 1976], [-197, 922, 1979], [-245, 913, 1978], [-294, 896, 1982], [-357, 889, 1980], [-416, 870, 1976], [-468, 848, 1976], [-510, 827, 1977], [-543, 796, 1976], [-573, 762, 1983], [-601, 728, 1990], [-636, 696, 1988], [-676, 671, 1986], [-708, 639, 1988], [-736, 603, 1987], [-767, 564, 1988], [-797, 522, 1986], [-827, 471, 1985], [-860, 422, 1983], [-879, 363, 1989], [-891, 314, 1991], [-883, 264, 2000], [-885, 210, 2003], [-904, 171, 1997], [-911, 118, 1997], [-914, 65, 1993], [-919, 14, 1998], [-913, -34, 2000], [-907, -75, 2001], [-892, -127, 2004], [-885, -181, 2004], [-854, -240, 2006], [-832, -302, 2011], [-801, -367, 2010], [-783, -419, 2009], [-766, -470, 2005], [-748, -504, 1998], [-718, -529, 2005], [-667, -560, 2010], [-615, -595, 2017], [-585, -627, 2014], [-560, -664, 2009], [-514, -698, 2007], [-472, -731, 2003], [-438, -749, 2007], [-392, -764, 2008], [-339, -791, 2006], [-296, -806, 2004], [-251, -828, 2000], [-196, -837, 1998], [-139, -859, 1995], [-110, -856, 1993], [-77, -857, 1993], [-34, -852, 1997], [26, -851, 1989], [65, -846, 1993], [97, -838, 1991], [132, -835, 1989], [171, -818, 1986], [227, -800, 1986], [300, -775, 1980], [329, -744, 1986], [364, -712, 1993], [402, -690, 1993], [437, -654, 1992], [484, -625, 1988], [509, -596, 1988], [540, -565, 1989], [580, -538, 1981], [606, -504, 1982], [627, -457, 1985], [662, -417, 1982], [672, -360, 1991], [693, -305, 1992], [699, -237, 1998], [722, -190, 1993], [734, -150, 1990], [730, -105, 1995], [739, -48, 1996], [756, 11, 1987], [754, 69, 1987], [772, 123, 1979], [767, 170, 1983], [755, 230, 1980], [745, 273, 1976], [724, 331, 1978], [698, 384, 1981], [666, 433, 1988], [631, 481, 1991], [606, 526, 1987], [579, 567, 1985], [549, 602, 1986], [524, 638, 1982], [499, 668, 1981], [461, 705, 1983], [430, 736, 1984], [391, 761, 1985], [340, 786, 1989], [329, 802, 1983], [294, 830, 1981], [255, 847, 1981], [215, 872, 1978], [173, 895, 1972], [122, 905, 1978], [59, 926, 1977], [27, 934, 1971], [-15, 934, 1972], [-66, 940, 1974], [-116, 938, 1972], [-165, 938, 1973], [-224, 936, 1972], [-283, 931, 1971], [-330, 917, 1972], [-358, 889, 1977], [-412, 873, 1978], [-463, 851, 1978], [-513, 820, 1979], [-564, 793, 1977], [-595, 762, 1981], [-624, 723, 1986], [-649, 692, 1988], [-679, 660, 1989], [-712, 624, 1986], [-748, 593, 1985], [-786, 560, 1978], [-816, 514, 1979], [-837, 466, 1983], [-858, 403, 1984], [-875, 318, 1996], [-889, 295, 1990], [-901, 247, 1996], [-901, 195, 1999], [-905, 150, 2000], [-909, 96, 2004], [-913, 44, 1998], [-916, -7, 1997], [-916, -59, 1997], [-903, -119, 2001], [-897, -173, 2002], [-874, -233, 2001], [-864, -290, 1994], [-844, -340, 1997], [-807, -386, 2004], [-774, -427, 2009], [-758, -459, 2011], [-729, -492, 2010], [-705, -526, 2010], [-676, -567, 2010], [-621, -607, 2012], [-581, -646, 2010], [-545, -672, 2014], [-506, -700, 2014], [-465, -724, 2013], [-427, -746, 2008], [-379, -776, 2006], [-325, -796, 2009], [-259, -819, 2003], [-224, -827, 2007], [-192, -835, 2002], [-140, -839, 2004], [-85, -850, 1998], [-57, -846, 1997], [-17, -848, 1997], [23, -846, 1995], [66, -849, 1989], [112, -841, 1990], [167, -830, 1988], [231, -812, 1982], [271, -789, 1981], [311, -769, 1983], [346, -745, 1986], [372, -718, 1987], [417, -689, 1983], [465, -658, 1984], [483, -611, 1989], [517, -584, 1990], [557, -551, 1986], [580, -518, 1988], [612, -479, 1988], [639, -443, 1986], [646, -399, 1994], [665, -356, 1992], [677, -304, 2001], [701, -256, 1994], [711, -205, 1999], [721, -159, 1995], [729, -108, 1994], [734, -47, 1998], [741, 10, 1997], [758, 64, 1989], [762, 119, 1984], [765, 180, 1984], [755, 232, 1981], [722, 297, 1986], [698, 351, 1989], [684, 402, 1988], [653, 454, 1988], [618, 503, 1991], [590, 541, 1993], [553, 576, 1994], [526, 